"https://www.trendyol.com/sr?rb=4925,4951,2686,4869,2685&tag=kirmizi_kampanya_urunu,turuncu_kampanya_urunu,sari_kampanya_urunu","200"
"https://www.trendyol.com/trendyol-collection---yeni-sezon-firsatlari/butikdetay/608942","200"
"https://www.trendyol.com/sr?wb=101476,143760,148061&lc=55,1117,56,102776,105831","200"
"https://www.trendyol.com/ev-urunlerinde-fenomenlerin-secimi/butikdetay/608784","200"
"https://www.trendyol.com/bershka---buyuk-yaz-indirimi/butikdetay/594568","200"
"https://www.trendyol.com/fenomenlerin-aksesuar--saat--gozluk-secimleri/butikdetay/609083","200"
"https://www.trendyol.com/fenomenlerin-kozmetik-secimleri/butikdetay/603009","200"
"https://www.trendyol.com/sr/?cid=604452,604351","200"
"https://www.trendyol.com/massimo-dutti--yeni-sezon/butikdetay/594929","200"
"https://www.trendyol.com/sr?cid=609322","200"
"https://www.trendyol.com/stradivarius---buyuk-yaz-indirimi/butikdetay/594571","200"
"https://www.trendyol.com/sr?cid=608259,608261","200"
"https://www.trendyol.com/trend-alacati-stili---kadin-tekstil/butikdetay/609055","200"
"https://www.trendyol.com/dev-markalarda-fenomen-secimleri/butikdetay/607524","200"
"https://www.trendyol.com/fenomenlerin-mobilya-secimleri/butikdetay/607421","200"
"https://www.trendyol.com/sr?cid=609015,609017","200"
"https://www.trendyol.com/konforlu-bahce-mobilyalari/butikdetay/607545","200"
